headtype,S,B,block,kernel,best_splits,median_ms,pct_of_sol,ratio_vs_flashinfer
32x8,2048,128,16,flashinfer,,0.37408000230789185,85.68219244151898,1.0
32x8,2048,128,16,v1,,1.2475199699401855,25.692570474687827,0.29985892917275525
32x8,2048,128,16,v2,8,1.1395519971847534,28.126838288601697,0.3282693578108336
32x8,2048,128,64,flashinfer,,0.3710399866104126,86.38420629289978,1.0
32x8,2048,128,64,v1,,1.247007966041565,25.70311948207739,0.29754419916676395
32x8,2048,128,64,v2,8,1.1380800008773804,28.163217631061787,0.32602276318392964
32x8,2048,1,16,flashinfer,,0.023615999147295952,10.603244325739041,1.0
32x8,2048,1,16,v1,,0.26185598969459534,0.9562745127475394,0.09018697328573418
32x8,2048,1,16,v2,32,0.03363199904561043,7.445475025603818,0.7021883865799603
32x8,2048,1,16,v0,,1.0477440357208252,0.23899559474270812,0.022539855482020144
32x8,2048,1,64,flashinfer,,0.02393599972128868,10.461489466534065,1.0
32x8,2048,1,64,v1,,0.26105600595474243,0.9592049339735749,0.09168913633589533
32x8,2048,1,64,v2,32,0.03328000009059906,7.524225008219235,0.7192307588980484
32x8,2048,1,64,v0,,1.046496033668518,0.23928060967170475,0.0228725183385363
32x8,2048,32,16,flashinfer,,0.10819199681282043,74.06276732677556,1.0
32x8,2048,32,16,v1,,0.5114880204200745,15.666053488381321,0.21152400934818494
32x8,2048,32,16,v2,16,0.3163520097732544,25.32937499689187,0.3419987655218854
32x8,2048,32,64,flashinfer,,0.10716799646615982,74.77044407653369,1.0
32x8,2048,32,64,v1,,0.5114560127258301,15.667033893807389,0.20953511895383278
32x8,2048,32,64,v2,16,0.3164159953594208,25.324252895196086,0.3386933594947575
32x8,2048,8,16,flashinfer,,0.04774399846792221,41.958146278588615,1.0
32x8,2048,8,16,v1,,0.49404799938201904,4.054767298213047,0.09663838033479114
32x8,2048,8,16,v2,8,0.10320000350475311,19.411333368312594,0.4626356283575441
32x8,2048,8,16,v0,,1.9332480430603027,1.0362093363201736,0.024696261113159684
32x8,2048,8,64,flashinfer,,0.04700800031423569,42.61507952371112,1.0
32x8,2048,8,64,v1,,0.4954879879951477,4.042983321850798,0.09487212899840478
32x8,2048,8,64,v2,8,0.10374400019645691,19.309547230184847,0.4531153630592424
32x8,2048,8,64,v0,,1.937119960784912,1.0341381598432775,0.024266953655873877
32x8,32768,128,16,flashinfer,,5.483424186706543,93.52402777511834,1.0
32x8,32768,128,16,v1,,19.446880340576172,26.370909213148597,0.28196934884539326
32x8,32768,128,16,v2,32,16.889663696289062,30.363654668445296,0.3246615376901401
32x8,32768,128,64,flashinfer,,5.509791851043701,93.07645911218124,1.0
32x8,32768,128,64,v1,,19.54204750061035,26.242486409076697,0.2819454742841872
32x8,32768,128,64,v2,32,16.856800079345703,30.422850928193725,0.32685870539538153
32x8,32768,1,16,flashinfer,,0.0689919963479042,58.071943926366586,1.0
32x8,32768,1,16,v1,,7.583327770233154,0.5283299713102602,0.00909785234639581
32x8,32768,1,16,v2,64,0.1966720074415207,20.371477341405036,0.3507972346721411
32x8,32768,1,64,flashinfer,,0.0681919977068901,58.75321853019663,1.0
32x8,32768,1,64,v1,,7.645472049713135,0.5240355752047918,0.008919265843035647
32x8,32768,1,64,v2,64,0.19804799556732178,20.2299413927755,0.3443205648789807
32x8,32768,32,16,flashinfer,,1.3866239786148071,92.4605235178107,1.0
32x8,32768,32,16,v1,,7.983424186706543,16.059271809527274,0.1736878745493343
32x8,32768,32,16,v2,64,4.34438419342041,29.51119727837289,0.3191761862854707
32x8,32768,32,64,flashinfer,,1.3809280395507812,92.8418971250529,1.0
32x8,32768,32,64,v1,,7.921951770782471,16.183887846670288,0.17431664310856862
32x8,32768,32,64,v2,64,4.3152642250061035,29.710342704424615,0.3200100776097501
32x8,32768,8,16,flashinfer,,0.369951993227005,86.63825397097222,1.0
32x8,32768,8,16,v1,,7.65228796005249,4.188550524181894,0.04834527858312161
32x8,32768,8,16,v2,64,1.1624959707260132,27.57170394857475,0.31823937677475045
32x8,32768,8,64,flashinfer,,0.3670400083065033,87.3256157936414,1.0
32x8,32768,8,64,v1,,7.6976318359375,4.163877336485399,0.0476821983863822
32x8,32768,8,64,v2,64,1.1686400175094604,27.426747557880187,0.3140744821392632
32x8,512,128,16,flashinfer,,0.11286400258541107,70.99693882026945,1.0
32x8,512,128,16,v1,,0.3182080090045929,25.18163735612169,0.3546862410486407
32x8,512,128,16,v2,4,0.31484800577163696,25.450371416292494,0.35847139100913566
32x8,512,128,64,flashinfer,,0.11267200112342834,71.1179228794312,1.0
32x8,512,128,64,v1,,0.3208320140838623,24.975683020437746,0.35118690210876835
32x8,512,128,64,v2,4,0.3163839876651764,25.326814879921102,0.35612422093455354
32x8,512,1,16,flashinfer,,0.023840000852942467,2.6259039429136313,1.0
32x8,512,1,16,v1,,0.07315199822187424,0.8557736461132864,0.3258967824861649
32x8,512,1,16,v2,16,0.0244159996509552,2.5639561407987186,0.9764089610809689
32x8,512,1,16,v0,,0.26867198944091797,0.23300364272834737,0.08873273653331464
32x8,512,1,64,flashinfer,,0.023423999547958374,2.6725389961964154,1.0
32x8,512,1,64,v1,,0.07318399846553802,0.8553994527681446,0.32006996118131775
32x8,512,1,64,v2,16,0.024383999407291412,2.567320938339859,0.9606299260716855
32x8,512,1,64,v0,,0.26796799898147583,0.23361577679704024,0.08741342114353601
32x8,512,32,16,flashinfer,,0.04451199993491173,45.004710517861916,1.0
32x8,512,32,16,v1,,0.13603200018405914,14.726311962856375,0.3272171244610417
32x8,512,32,16,v2,8,0.10076799988746643,19.879819723314323,0.44172753239739704
32x8,512,32,64,flashinfer,,0.044319998472929,45.19967826409992,1.0
32x8,512,32,64,v1,,0.13583999872207642,14.747126696757155,0.32626618735182755
32x8,512,32,64,v2,8,0.10089600086212158,19.854599335203694,0.43926417394376266
32x8,512,8,16,flashinfer,,0.027008000761270523,18.543113292140188,1.0
32x8,512,8,16,v1,,0.07500799745321274,6.676786941590279,0.36006828176045
32x8,512,8,16,v2,4,0.039423998445272446,12.70323756241176,0.685064981391029
32x8,512,8,16,v0,,0.2743679881095886,1.8253310867680825,0.09843714256665735
32x8,512,8,64,flashinfer,,0.026623999699950218,18.810562783749734,1.0
32x8,512,8,64,v1,,0.07446400076150894,6.725564202686806,0.35754189175546397
32x8,512,8,64,v2,4,0.039744000881910324,12.600956290195608,0.6698872561687231
32x8,512,8,64,v0,,0.2742080092430115,1.8263960242919546,0.09709417231629883
32x8,8192,128,16,flashinfer,,1.394976019859314,91.9069411659167,1.0
32x8,8192,128,16,v1,,4.8988800048828125,26.170875558757743,0.2847540700055754
32x8,8192,128,16,v2,16,4.3106560707092285,29.742103494696266,0.3236110691683644
32x8,8192,128,64,flashinfer,,1.397760033607483,91.72388385879246,1.0
32x8,8192,128,64,v1,,4.848031997680664,26.44536567547621,0.2883149356844555
32x8,8192,128,64,v2,16,4.304448127746582,29.78499802533168,0.3247245621564089
32x8,8192,1,16,flashinfer,,0.0307839997112751,32.53718961847687,1.0
32x8,8192,1,16,v1,,1.272063970565796,0.787401309208834,0.024200040582536754
32x8,8192,1,16,v2,32,0.06646399945020676,15.070186027118169,0.46316803030094117
32x8,8192,1,64,flashinfer,,0.028991999104619026,34.54831907956688,1.0
32x8,8192,1,64,v1,,1.662816047668457,0.6023665920384512,0.01743548190148309
32x8,8192,1,64,v2,32,0.0687360018491745,14.57205552948414,0.4217876851236615
32x8,8192,32,16,flashinfer,,0.36822399497032166,87.04482919113406,1.0
32x8,8192,32,16,v1,,2.004415988922119,15.99069001814574,0.1837063748270813
32x8,8192,32,16,v2,32,1.1425600051879883,28.052789000779928,0.32227978688063463
32x8,8192,32,64,flashinfer,,0.36323198676109314,88.24111288235763,1.0
32x8,8192,32,64,v1,,1.9979519844055176,16.042424941360935,0.18180216021015708
32x8,8192,32,64,v2,32,1.140928030014038,28.092915506576066,0.31836538081777505
32x8,8192,8,16,flashinfer,,0.11142399907112122,71.9144776113494,1.0
32x8,8192,8,16,v1,,1.9309439659118652,4.1497831257796856,0.057704418687521346
32x8,8192,8,16,v2,32,0.3284800052642822,24.394174860415678,0.339210902598086
32x8,8192,8,64,flashinfer,,0.11027199774980545,72.66576148142107,1.0
32x8,8192,8,64,v1,,1.9378559589385986,4.13498157569773,0.05690412501567122
32x8,8192,8,64,v2,32,0.32736000418663025,24.477634970944393,0.33685238373512055
64x8,2048,128,16,flashinfer,,0.3712320029735565,86.33952485112597,1.0
64x8,2048,128,16,v1,,2.2699520587921143,14.120119683639551,0.16354178121765986
64x8,2048,128,16,v2,4,2.175136089324951,14.735627303308604,0.17067070184503608
64x8,2048,128,64,flashinfer,,0.3731200098991394,85.90264230249363,1.0
64x8,2048,128,64,v1,,2.244960069656372,14.277311734624632,0.16620340599476743
64x8,2048,128,64,v2,4,2.172703981399536,14.752122249816344,0.17173071577785579
64x8,2048,1,16,flashinfer,,0.024191999807953835,10.350785835939673,1.0
64x8,2048,1,16,v1,,0.2635200023651123,0.9502360606701914,0.09180327713581046
64x8,2048,1,16,v2,16,0.04169600084424019,6.005521006454376,0.5801995231707138
64x8,2048,1,16,v0,,1.0390080213546753,0.24100507773630103,0.023283746911223955
64x8,2048,1,64,flashinfer,,0.02380800060927868,10.517733641926789,1.0
64x8,2048,1,64,v1,,0.25968000292778015,0.9642876083333399,0.09168207155288713
64x8,2048,1,64,v2,16,0.04150399938225746,6.033303119753562,0.5736314804268322
64x8,2048,1,64,v0,,1.0437120199203491,0.23991887050829752,0.02281089050895053
64x8,2048,32,16,flashinfer,,0.1088000014424324,73.64888401041935,1.0
64x8,2048,32,16,v1,,0.6556479930877686,12.22149502636318,0.16594270491096866
64x8,2048,32,16,v2,8,0.588096022605896,13.625323720199614,0.18500380424327942
64x8,2048,32,64,flashinfer,,0.10790400207042694,74.26044013953465,1.0
64x8,2048,32,64,v1,,0.665120005607605,12.047448007893061,0.16223238086464373
64x8,2048,32,64,v2,8,0.5869759917259216,13.651322710842143,0.183830350119006
64x8,2048,8,16,flashinfer,,0.04806400090456009,41.678795646238676,1.0
64x8,2048,8,16,v1,,0.49158400297164917,4.0750912550694265,0.09777372862829317
64x8,2048,8,16,v2,16,0.17369599640369415,11.533079133188275,0.27671334918308954
64x8,2048,8,16,v0,,1.9237439632415771,1.041328633081839,0.024984614284933496
64x8,2048,8,64,flashinfer,,0.047775998711586,41.930042817838356,1.0
64x8,2048,8,64,v1,,0.49379199743270874,4.056869455270552,0.09675328672797426
64x8,2048,8,64,v2,16,0.17494399845600128,11.450805339547625,0.27309309912452784
64x8,2048,8,64,v0,,1.9271039962768555,1.0395130078667514,0.024791603776386083
64x8,32768,128,16,flashinfer,,5.490176200866699,93.4090085959975,1.0
64x8,32768,128,16,v1,,35.8100471496582,14.320894742111316,0.1533138501025152
64x8,32768,128,16,v2,32,32.90614318847656,15.584686208983847,0.16684350303287168
64x8,32768,128,64,flashinfer,,5.520576000213623,92.89463924062525,1.0
64x8,32768,128,64,v1,,35.84479904174805,14.307010491062,0.1540133059131917
64x8,32768,128,64,v2,32,32.8864631652832,15.594012447093203,0.16786773246085804
64x8,32768,1,16,flashinfer,,0.06998399645090103,57.24879324510195,1.0
64x8,32768,1,16,v1,,7.552544116973877,0.5304834081378249,0.009266281052713921
64x8,32768,1,16,v2,64,0.342272013425827,11.705600183848572,0.20446894196935883
64x8,32768,1,64,flashinfer,,0.06841599941253662,58.56085386000262,1.0
64x8,32768,1,64,v1,,7.520127773284912,0.5327701156244422,0.009097717681816917
64x8,32768,1,64,v2,64,0.3437440097332001,11.65547392780244,0.1990318303019689
64x8,32768,32,16,flashinfer,,1.3916800022125244,92.12461110402295,1.0
64x8,32768,32,16,v1,,10.526368141174316,12.179697428934096,0.13220894268070596
64x8,32768,32,16,v2,64,8.362848281860352,15.330659443286493,0.1664122025543837
64x8,32768,32,64,flashinfer,,1.3837759494781494,92.6508218569809,1.0
64x8,32768,32,64,v1,,10.71008014678955,11.970776803524313,0.12920313671909817
64x8,32768,32,64,v2,64,8.358912467956543,15.337877920908161,0.1655449742753956
64x8,32768,8,16,flashinfer,,0.37084800004959106,86.42892705901758,1.0
64x8,32768,8,16,v1,,7.5972161293029785,4.218913112481022,0.04881366986773025
64x8,32768,8,16,v2,64,2.1883199214935303,14.646850504561115,0.1694669944769716
64x8,32768,8,64,flashinfer,,0.37040001153945923,86.53346044200678,1.0
64x8,32768,8,64,v1,,7.625120162963867,4.203474051720401,0.04857628517627
64x8,32768,8,64,v2,64,2.1735680103302,14.74625803928695,0.17041105214057206
64x8,512,128,16,flashinfer,,0.1141119971871376,70.22047535831199,1.0
64x8,512,128,16,v1,,0.577567994594574,13.873688918985058,0.19757326973638653
64x8,512,128,16,v2,4,0.5873600244522095,13.642397086932053,0.19427947500097928
64x8,512,128,64,flashinfer,,0.11398400366306305,70.29932647613961,1.0
64x8,512,128,64,v1,,0.5825600028038025,13.754804051087286,0.19566053816683182
64x8,512,128,64,v2,4,0.588096022605896,13.625323720199614,0.19381869504573707
64x8,512,1,16,flashinfer,,0.023903999477624893,2.6188735611964655,1.0
64x8,512,1,16,v1,,0.07372800260782242,0.8490878638310492,0.32421873144694036
64x8,512,1,16,v2,16,0.025919999927282333,2.41518334932224,0.9222222046561243
64x8,512,1,16,v0,,0.2688960134983063,0.2328095215111855,0.08889681615817432
64x8,512,1,64,flashinfer,,0.0225600004196167,2.7748914483340057,1.0
64x8,512,1,64,v1,,0.07273600250482559,0.8606680334769942,0.3101627755542378
64x8,512,1,64,v2,16,0.02630399912595749,2.379925270641797,0.8576642780281226
64x8,512,1,64,v0,,0.26736000180244446,0.23414703701664022,0.08438061141354479
64x8,512,32,16,flashinfer,,0.04428799822926521,45.2323372411548,1.0
64x8,512,32,16,v1,,0.171424001455307,11.685934610294755,0.2583535435719706
64x8,512,32,16,v2,4,0.17260800302028656,11.605775147090656,0.25658137197763686
64x8,512,32,64,flashinfer,,0.044319998472929,45.19967826409992,1.0
64x8,512,32,64,v1,,0.17180800437927246,11.659815727907203,0.25796236114291266
64x8,512,32,64,v2,4,0.17177599668502808,11.661988347038903,0.2580104282800061
64x8,512,8,16,flashinfer,,0.027583999559283257,18.15590291154503,1.0
64x8,512,8,16,v1,,0.07702399790287018,6.502030945498165,0.35812214777617224
64x8,512,8,16,v2,8,0.05798399820923805,8.63707976989172,0.4757174463848641
64x8,512,8,16,v0,,0.2917439937591553,1.7166160353720448,0.0945486458996472
64x8,512,8,64,flashinfer,,0.027615999802947044,18.134864624999146,1.0
64x8,512,8,64,v1,,0.07680000364780426,6.520994715144993,0.3595833136882487
64x8,512,8,64,v2,8,0.057792000472545624,8.66577404857894,0.4778515984416591
64x8,512,8,64,v0,,0.29369598627090454,1.705206885083201,0.09402920398603645
64x8,8192,128,16,flashinfer,,1.3940479755401611,91.9681253691409,1.0
64x8,8192,128,16,v1,,8.949728012084961,14.325349196305556,0.15576428397128447
64x8,8192,128,16,v2,16,8.359007835388184,15.337702931955771,0.16677194267463238
64x8,8192,128,64,flashinfer,,1.3952640295028687,91.88796978501266,1.0
64x8,8192,128,64,v1,,8.980544090270996,14.276192811521046,0.15536520009009447
64x8,8192,128,64,v2,16,8.355839729309082,15.343518202649362,0.1669807074696296
64x8,8192,1,16,flashinfer,,0.030047999694943428,33.33416020998736,1.0
64x8,8192,1,16,v1,,1.3974720239639282,0.71674052764204,0.021501682452083944
64x8,8192,1,16,v2,32,0.10639999806880951,9.41376742481836,0.2824060172962711
64x8,8192,1,64,flashinfer,,0.029152000322937965,34.358700079760105,1.0
64x8,8192,1,64,v1,,1.2232639789581299,0.8188133167086245,0.02383132408408454
64x8,8192,1,64,v2,16,0.10940799862146378,9.154950720617565,0.26645218530867903
64x8,8192,32,16,flashinfer,,0.36633598804473877,87.49343715134617,1.0
64x8,8192,32,16,v1,,2.532032012939453,12.658605650510427,0.14468063048675947
64x8,8192,32,16,v2,16,2.1613759994506836,14.829439558140143,0.16949202181288378
64x8,8192,32,64,flashinfer,,0.36393600702285767,88.07041383035113,1.0
64x8,8192,32,64,v1,,2.562623977661133,12.507490379264308,0.14201693662252252
64x8,8192,32,64,v2,16,2.172096014022827,14.756251353229457,0.16755060764962712
64x8,8192,8,16,flashinfer,,0.11247999966144562,71.23931997408914,1.0
64x8,8192,8,16,v1,,1.9137279987335205,4.187114726789836,0.05877533261565038
64x8,8192,8,16,v2,32,0.5889919996261597,13.604596822457877,0.19097033530648638
64x8,8192,8,64,flashinfer,,0.11088000237941742,72.26730262096937,1.0
64x8,8192,8,64,v1,,1.9215680360794067,4.1700312120699925,0.05770287613945064
64x8,8192,8,64,v2,32,0.5889279842376709,13.606075617105326,0.18827429727752604
